<?xml version="1.0" encoding="ISO-8859-1" ?>
<!DOCTYPE buecher SYSTEM "file:/C:/Dokumente%20und%20Einstellungen/burger.ADVDOM.003/Eigene%20Dateien/LS/XML/F%C3%BCr_Teilnehmer/Zwischenl%C3%B6sungen_Zusatzaufgaben/buecher.dtd">

<buecher>
    <buch>
        <nummer> 1 </nummer>
        <verlag> Heyne </verlag>
        <titel> Java Programmierung </titel>
    </buch>
    <buch>
        <nummer> 2 </nummer>
        <verlag> M�ller </verlag>
        <titel> XML Programmierung </titel>
    </buch>
</buecher>

