<?xml version="1.0" ?>

<daten>
  <satz>
   <bezeichnung>Schraubenzieher</bezeichnung>
   <best-nr>4710</best-nr>
   <menge unit="St">1</menge>
  </satz>

  <satz>
   <bezeichnung>Schleifmaschine</bezeichnung>
   <best-nr>4713</best-nr>
   <menge unit="St">150</menge>
  </satz>

  <satz>
   <bezeichnung>Lupe</bezeichnung>
   <best-nr>4700</best-nr>
   <menge unit="St">10</menge>
  </satz>

  <satz>
   <bezeichnung>Schraubenzieher-Set</bezeichnung>
   <best-nr>4701</best-nr>
   <menge unit="kg">10</menge>
  </satz>

</daten>
